{"cameraMode":{"drawMode":0,"name":"Shaded","section":"Shading Mode"},"sceneLighting":true,"audioPlay":false,"sceneViewState":{"showFog":true,"showMaterialUpdate":false,"showSkybox":true,"showFlares":true,"showImageEffects":true,"showParticleSystems":true},"in2DMode":false,"pivot":{"x":98.15436553955078,"y":8.92945671081543,"z":257.3250427246094},"rotation":{"x":0.01370857935398817,"y":-0.9848046898841858,"z":0.14672362804412843,"w":0.09214942157268524},"size":7.684074878692627,"orthographic":false}